id,mes,cmv_mes,estoque_medio_custo,skus_catalogo,skus_sem_estoque
E-001,2023-01,478448.06,1004740.93,1280,33
E-002,2023-02,449398.92,955871.50,1280,35
E-003,2023-03,506306.77,1090584.78,1280,36
E-004,2023-04,516954.83,1127478.48,1280,38
E-005,2023-05,522408.84,1153478.72,1280,39
E-006,2023-06,553387.26,1236820.53,1280,40
E-007,2023-07,530211.20,1199337.73,1280,42
E-008,2023-08,537834.44,1231103.03,1280,43
E-009,2023-09,580615.59,1344705.71,1280,45
E-010,2023-10,583189.02,1366411.87,1280,46
E-011,2023-11,788909.82,1869716.27,1280,47
E-012,2023-12,816348.03,1956786.23,1280,49
E-013,2024-01,639178.21,1549367.98,1280,50
E-014,2024-02,591771.23,1450431.28,1280,52
E-015,2024-03,647826.70,1605314.56,1280,53
E-016,2024-04,667443.41,1671945.74,1280,54
E-017,2024-05,671145.28,1699339.85,1280,56
E-018,2024-06,666487.36,1705541.15,1280,57
E-019,2024-07,708046.85,1831009.15,1280,59
E-020,2024-08,717353.60,1874444.96,1280,60
E-021,2024-09,726147.00,1917028.08,1280,61
E-022,2024-10,743173.86,1982044.68,1280,63
E-023,2024-11,965910.67,2602163.34,1280,64
E-024,2024-12,1004175.80,2732362.35,1280,66
E-025,2025-01,769225.92,2113832.83,1280,67
E-026,2025-02,749494.30,2079846.68,1280,68
E-027,2025-03,818087.89,2292282.27,1280,70
E-028,2025-04,845723.22,2392550.99,1280,71
E-029,2025-05,853969.97,2438938.23,1280,73
E-030,2025-06,883070.44,2545892.08,1280,74
E-031,2025-07,869973.36,2531622.48,1280,76
E-032,2025-08,902035.59,2649278.53,1280,77
E-033,2025-09,894587.99,2651558.80,1280,78
E-034,2025-10,923022.16,2760759.28,1280,80
E-035,2025-11,1205201.91,3637299.36,1280,81
E-036,2025-12,1192526.12,3631242.04,1280,83
