mes,canal,regiao,id,pedidos,receita_bruta,descontos,devolucoes_valor,receita_liquida,cmv,frete_custo,taxas_pagamento,marketing_investimento,novos_clientes,pedidos_atrasados,devolucoes_pedidos,respostas_nps,promotores_nps,detratores_nps
2023-01,E-commerce,Sudeste,M-0001,133,155138.10,3878.45,1551.38,149708.27,76044.34,5988.33,3593.00,11228.12,69,5,2,43,32,4
2023-01,E-commerce,Nordeste,M-0002,88,101850.09,2546.25,1018.50,98285.34,47904.38,3931.41,2358.85,7371.40,46,4,2,28,21,3
2023-01,E-commerce,Sul,M-0003,67,77506.15,1937.65,775.06,74793.44,36295.57,2991.74,1795.04,5609.51,35,3,1,21,16,2
2023-01,E-commerce,Centro-Oeste,M-0004,64,74865.83,1871.65,748.66,72245.52,35882.34,2889.82,1733.89,5418.41,33,3,1,20,15,2
2023-01,Lojas,Sudeste,M-0005,121,140243.16,3506.08,1402.43,135334.65,70264.71,2571.36,3248.03,2436.02,34,5,2,39,29,4
2023-01,Lojas,Nordeste,M-0006,74,86026.82,2150.67,860.27,83015.88,41800.91,1577.30,1992.38,1494.29,21,3,1,24,18,2
2023-01,Lojas,Sul,M-0007,59,68518.00,1712.95,685.18,66119.87,33214.69,1256.28,1586.88,1190.16,17,2,1,19,14,2
2023-01,Lojas,Centro-Oeste,M-0008,51,58937.75,1473.44,589.38,56874.93,28669.54,1080.62,1365.00,1023.75,14,2,1,16,12,2
2023-01,B2B,Sudeste,M-0009,71,82838.59,2070.96,828.39,79939.24,41939.37,1518.85,1918.54,1438.91,20,3,1,23,17,2
2023-01,B2B,Nordeste,M-0010,44,50617.46,1265.44,506.17,48845.85,24250.11,928.07,1172.30,879.23,12,2,1,14,10,1
2023-01,B2B,Sul,M-0011,38,44548.03,1113.70,445.48,42988.85,22556.62,816.79,1031.73,773.80,11,2,1,12,9,1
2023-01,B2B,Centro-Oeste,M-0012,34,38967.42,974.19,389.67,37603.56,19625.48,714.47,902.49,676.86,10,1,1,11,8,1
2023-02,E-commerce,Sudeste,M-0013,131,152130.73,3887.79,1597.37,146645.57,74663.99,6012.47,3519.49,10998.42,68,6,2,42,31,4
2023-02,E-commerce,Nordeste,M-0014,92,106687.79,2726.47,1120.22,102841.10,52782.60,4216.49,2468.19,7713.08,48,4,2,29,21,3
2023-02,E-commerce,Sul,M-0015,69,79941.16,2042.94,839.38,77058.84,41125.90,3159.41,1849.41,5779.41,36,3,1,22,16,2
2023-02,E-commerce,Centro-Oeste,M-0016,49,57358.64,1465.83,602.27,55290.54,28821.41,2266.91,1326.97,4146.79,25,2,1,16,12,2
2023-02,Lojas,Sudeste,M-0017,96,111605.93,2852.15,1171.86,107581.92,53242.07,2151.64,2581.97,1936.47,27,4,2,31,23,3
2023-02,Lojas,Nordeste,M-0018,74,86236.96,2203.83,905.49,83127.64,43543.60,1662.55,1995.06,1496.30,21,3,1,24,18,2
2023-02,Lojas,Sul,M-0019,55,64035.91,1636.47,672.38,61727.06,30236.69,1234.54,1481.45,1111.09,15,2,1,18,13,2
2023-02,Lojas,Centro-Oeste,M-0020,49,56452.32,1442.67,592.75,54416.90,28748.60,1088.34,1306.01,979.50,14,2,1,16,12,2
2023-02,B2B,Sudeste,M-0021,62,71474.23,1826.56,750.48,68897.19,35175.93,1377.94,1653.53,1240.15,17,3,1,20,15,2
2023-02,B2B,Nordeste,M-0022,46,53715.06,1372.72,564.01,51778.33,26989.23,1035.57,1242.68,932.01,13,2,1,15,11,2
2023-02,B2B,Sul,M-0023,33,38628.76,987.18,405.60,37235.98,19707.24,744.72,893.66,670.25,9,1,1,11,8,1
2023-02,B2B,Centro-Oeste,M-0024,26,30135.73,770.14,316.43,29049.16,14361.66,580.98,697.18,522.88,7,1,0,8,6,1
2023-03,E-commerce,Sudeste,M-0025,148,172326.24,4499.63,1895.59,165931.02,85111.08,6969.10,3982.34,12444.83,77,7,3,47,34,5
2023-03,E-commerce,Nordeste,M-0026,84,97059.84,2534.34,1067.66,93457.84,47368.74,3925.23,2242.99,7009.34,44,4,2,27,20,3
2023-03,E-commerce,Sul,M-0027,78,90821.88,2371.46,999.04,87451.38,44972.67,3672.96,2098.83,6558.85,41,4,1,25,18,3
2023-03,E-commerce,Centro-Oeste,M-0028,61,70869.26,1850.48,779.56,68239.22,35331.06,2866.05,1637.74,5117.94,32,3,1,20,15,2
2023-03,Lojas,Sudeste,M-0029,117,135631.59,3541.49,1491.95,130598.15,69426.51,2742.56,3134.36,2350.77,33,6,2,37,27,4
2023-03,Lojas,Nordeste,M-0030,74,85788.56,2240.03,943.67,82604.86,43650.34,1734.70,1982.52,1486.89,21,4,1,24,17,3
2023-03,Lojas,Sul,M-0031,68,78747.55,2056.19,866.22,75825.14,38189.08,1592.33,1819.80,1364.85,19,3,1,22,16,2
2023-03,Lojas,Centro-Oeste,M-0032,53,61192.23,1597.80,673.11,58921.32,29544.68,1237.35,1414.11,1060.58,15,3,1,17,12,2
2023-03,B2B,Sudeste,M-0033,80,92604.91,2418.02,1018.65,89168.24,45081.27,1872.53,2140.04,1605.03,22,4,2,26,19,3
2023-03,B2B,Nordeste,M-0034,45,52676.34,1375.44,579.44,50721.46,25631.62,1065.15,1217.32,912.99,13,2,1,14,10,2
2023-03,B2B,Sul,M-0035,38,44639.50,1165.59,491.03,42982.88,23204.51,902.64,1031.59,773.69,11,2,1,12,9,1
2023-03,B2B,Centro-Oeste,M-0036,31,36268.68,947.02,398.96,34922.70,18795.21,733.38,838.14,628.61,9,1,1,10,7,1
2023-04,E-commerce,Sudeste,M-0037,144,167746.01,4473.23,1929.08,161343.70,87479.30,6937.78,3872.25,12100.78,75,7,3,46,33,5
2023-04,E-commerce,Nordeste,M-0038,101,117284.40,3127.58,1348.77,112808.05,59008.02,4850.75,2707.39,8460.60,53,5,2,32,23,4
2023-04,E-commerce,Sul,M-0039,72,84023.91,2240.64,966.27,80817.00,41674.80,3475.13,1939.61,6061.28,37,4,1,23,17,3
2023-04,E-commerce,Centro-Oeste,M-0040,59,68230.30,1819.47,784.65,65626.18,33246.14,2821.93,1575.03,4921.96,31,3,1,19,14,2
2023-04,Lojas,Sudeste,M-0041,114,132121.41,3523.24,1519.40,127078.77,63991.77,2795.73,3049.89,2287.42,32,6,2,36,26,4
2023-04,Lojas,Nordeste,M-0042,87,101640.09,2710.40,1168.86,97760.83,48788.96,2150.74,2346.26,1759.69,24,5,2,28,20,3
2023-04,Lojas,Sul,M-0043,66,76935.34,2051.61,884.76,73998.97,36968.87,1627.98,1775.98,1331.98,18,3,1,21,15,2
2023-04,Lojas,Centro-Oeste,M-0044,47,54684.65,1458.26,628.87,52597.52,27915.06,1157.15,1262.34,946.76,13,2,1,15,11,2
2023-04,B2B,Sudeste,M-0045,82,95416.31,2544.43,1097.29,91774.59,49671.88,2019.04,2202.59,1651.94,23,4,2,26,19,3
2023-04,B2B,Nordeste,M-0046,46,53319.02,1421.84,613.17,51284.01,27679.47,1128.25,1230.82,923.11,13,2,1,15,11,2
2023-04,B2B,Sul,M-0047,38,43633.46,1163.56,501.78,41968.12,21502.86,923.30,1007.23,755.43,11,2,1,12,9,1
2023-04,B2B,Centro-Oeste,M-0048,32,36832.66,982.20,423.58,35426.88,19027.70,779.39,850.25,637.68,9,2,1,10,7,1
2023-05,E-commerce,Sudeste,M-0049,130,150670.24,4101.58,1808.04,144760.62,76900.18,6369.47,3474.25,10857.05,68,7,3,42,30,5
2023-05,E-commerce,Nordeste,M-0050,92,106415.16,2896.86,1276.98,102241.32,56130.22,4498.62,2453.79,7668.10,48,5,2,29,21,3
2023-05,E-commerce,Sul,M-0051,68,79212.72,2156.35,950.55,76105.82,39490.69,3348.66,1826.54,5707.94,35,4,1,22,16,3
2023-05,E-commerce,Centro-Oeste,M-0052,61,70357.03,1915.27,844.28,67597.48,35421.47,2974.29,1622.34,5069.81,32,3,1,20,14,2
2023-05,Lojas,Sudeste,M-0053,134,155316.17,4228.05,1863.79,149224.33,80549.22,3432.16,3581.38,2686.04,38,8,3,43,31,5
2023-05,Lojas,Nordeste,M-0054,80,93288.33,2539.52,1119.46,89629.35,44826.84,2061.48,2151.10,1613.33,22,4,2,26,19,3
2023-05,Lojas,Sul,M-0055,62,71789.95,1954.28,861.48,68974.19,34515.74,1586.41,1655.38,1241.54,17,3,1,20,14,2
2023-05,Lojas,Centro-Oeste,M-0056,58,66859.06,1820.05,802.31,64236.70,33796.70,1477.44,1541.68,1156.26,16,3,1,19,14,2
2023-05,B2B,Sudeste,M-0057,79,92279.21,2512.05,1107.35,88659.81,48572.52,2039.18,2127.84,1595.88,22,4,2,25,18,3
2023-05,B2B,Nordeste,M-0058,56,64567.52,1757.67,774.81,62035.04,32447.26,1426.81,1488.84,1116.63,16,3,1,18,13,2
2023-05,B2B,Sul,M-0059,36,41961.43,1142.28,503.54,40315.61,20510.30,927.26,967.57,725.68,10,2,1,12,9,1
2023-05,B2B,Centro-Oeste,M-0060,34,39872.27,1085.41,478.47,38308.39,19247.70,881.09,919.40,689.55,10,2,1,11,8,1
2023-06,E-commerce,Sudeste,M-0061,160,185525.77,5153.49,2319.07,178053.21,91431.18,8012.39,4273.28,13353.99,83,10,3,51,36,6
2023-06,E-commerce,Nordeste,M-0062,98,113797.07,3161.03,1422.46,109213.58,59729.93,4914.61,2621.13,8191.02,51,6,2,31,22,4
2023-06,E-commerce,Sul,M-0063,84,98191.78,2727.55,1227.40,94236.83,50109.71,4240.66,2261.68,7067.76,44,5,2,27,19,3
2023-06,E-commerce,Centro-Oeste,M-0064,62,72548.06,2015.22,906.85,69625.99,36882.13,3133.17,1671.02,5221.95,32,4,1,20,14,2
2023-06,Lojas,Sudeste,M-0065,120,139978.78,3888.30,1749.73,134340.75,73867.91,3224.18,3224.18,2418.13,34,7,2,38,27,5
2023-06,Lojas,Nordeste,M-0066,76,88343.03,2453.97,1104.29,84784.77,45095.94,2034.83,2034.83,1526.13,21,5,2,24,17,3
2023-06,Lojas,Sul,M-0067,61,70515.32,1958.76,881.44,67675.12,35607.55,1624.20,1624.20,1218.15,17,4,1,20,14,2
2023-06,Lojas,Centro-Oeste,M-0068,59,68707.85,1908.55,858.85,65940.45,35115.18,1582.57,1582.57,1186.93,17,4,1,19,13,2
2023-06,B2B,Sudeste,M-0069,85,99322.46,2758.96,1241.53,95321.97,48953.04,2287.73,2287.73,1715.80,24,5,2,27,19,3
2023-06,B2B,Nordeste,M-0070,55,63440.68,1762.24,793.01,60885.43,33181.09,1461.25,1461.25,1095.94,15,3,1,18,13,2
2023-06,B2B,Sul,M-0071,42,49213.08,1367.03,615.16,47230.89,25659.09,1133.54,1133.54,850.16,12,3,1,13,9,2
2023-06,B2B,Centro-Oeste,M-0072,32,36812.10,1022.56,460.15,35329.39,17754.51,847.91,847.91,635.93,9,2,1,10,7,1
2023-07,E-commerce,Sudeste,M-0073,135,156415.68,4431.78,2033.40,149950.50,79072.66,6897.72,3598.81,11246.29,70,9,3,43,30,5
2023-07,E-commerce,Nordeste,M-0074,103,119279.74,3379.59,1550.64,114349.51,62129.62,5260.08,2744.39,8576.21,54,7,2,33,23,4
2023-07,E-commerce,Sul,M-0075,72,83098.14,2354.45,1080.28,79663.41,42314.30,3664.52,1911.92,5974.76,37,5,2,23,16,3
2023-07,E-commerce,Centro-Oeste,M-0076,58,67260.71,1905.72,874.39,64480.60,34860.87,2966.11,1547.53,4836.04,30,4,1,19,13,2
2023-07,Lojas,Sudeste,M-0077,123,142856.14,4047.59,1857.13,136951.42,69694.82,3423.79,3286.83,2465.13,34,8,3,39,27,5
2023-07,Lojas,Nordeste,M-0078,89,103200.74,2924.02,1341.61,98935.11,51064.57,2473.38,2374.44,1780.83,25,6,2,28,20,3
2023-07,Lojas,Sul,M-0079,69,79641.15,2256.50,1035.33,76349.32,39197.57,1908.73,1832.38,1374.29,19,4,1,22,15,3
2023-07,Lojas,Centro-Oeste,M-0080,56,64935.34,1839.83,844.16,62251.35,32987.87,1556.28,1494.03,1120.52,16,4,1,18,13,2
2023-07,B2B,Sudeste,M-0081,79,91524.15,2593.18,1189.81,87741.16,48030.75,2193.53,2105.79,1579.34,22,5,2,25,18,3
2023-07,B2B,Nordeste,M-0082,46,53909.79,1527.44,700.83,51681.52,27037.41,1292.04,1240.36,930.27,13,3,1,15,11,2
2023-07,B2B,Sul,M-0083,39,45442.28,1287.53,590.75,43564.00,23655.70,1089.10,1045.54,784.15,11,2,1,12,8,1
2023-07,B2B,Centro-Oeste,M-0084,33,38869.19,1101.29,505.30,37262.60,20165.06,931.56,894.30,670.73,9,2,1,11,8,1
2023-08,E-commerce,Sudeste,M-0085,136,158155.26,4568.93,2135.10,151451.23,80169.39,7118.21,3634.83,11358.84,71,9,3,44,31,6
2023-08,E-commerce,Nordeste,M-0086,105,122126.03,3528.09,1648.70,116949.24,61613.63,5496.61,2806.78,8771.19,55,7,2,34,24,4
2023-08,E-commerce,Sul,M-0087,76,88274.10,2550.14,1191.70,84532.26,44297.39,3973.02,2028.77,6339.92,40,5,2,24,17,3
2023-08,E-commerce,Centro-Oeste,M-0088,62,71726.30,2072.09,968.31,68685.90,38378.40,3228.24,1648.46,5151.44,32,4,1,20,14,3
2023-08,Lojas,Sudeste,M-0089,126,146925.82,4244.52,1983.50,140697.80,73707.81,3658.14,3376.75,2532.56,35,9,3,40,28,5
2023-08,Lojas,Nordeste,M-0090,84,97203.85,2808.11,1312.25,93083.49,48583.17,2420.17,2234.00,1675.50,24,6,2,27,19,3
2023-08,Lojas,Sul,M-0091,62,72249.15,2087.20,975.36,69186.59,38129.27,1798.85,1660.48,1245.36,17,4,1,20,14,3
2023-08,Lojas,Centro-Oeste,M-0092,51,59741.77,1725.87,806.51,57209.39,30845.81,1487.44,1373.03,1029.77,14,3,1,16,11,2
2023-08,B2B,Sudeste,M-0093,74,86258.31,2491.91,1164.49,82601.91,46005.89,2147.65,1982.45,1486.83,21,5,2,24,17,3
2023-08,B2B,Nordeste,M-0094,52,60344.06,1743.27,814.64,57786.15,29600.26,1502.44,1386.87,1040.15,15,4,1,17,12,2
2023-08,B2B,Sul,M-0095,46,53517.79,1546.07,722.49,51249.23,27138.89,1332.48,1229.98,922.49,13,3,1,15,10,2
2023-08,B2B,Centro-Oeste,M-0096,31,36338.35,1049.77,490.57,34798.01,19364.53,904.75,835.15,626.36,9,2,1,10,7,1
2023-09,E-commerce,Sudeste,M-0097,163,189371.25,5575.93,2651.20,181144.12,101325.78,8694.92,4347.46,13585.81,85,12,4,52,36,7
2023-09,E-commerce,Nordeste,M-0098,104,121367.16,3573.59,1699.14,116094.43,59592.95,5572.53,2786.27,8707.08,54,7,2,33,23,4
2023-09,E-commerce,Sul,M-0099,81,94109.35,2771.00,1317.53,90020.82,47249.48,4321.00,2160.50,6751.56,42,6,2,26,18,3
2023-09,E-commerce,Centro-Oeste,M-0100,65,75616.36,2226.48,1058.63,72331.25,39962.26,3471.90,1735.95,5424.84,34,5,1,21,15,3
2023-09,Lojas,Sudeste,M-0101,146,169285.94,4984.53,2370.00,161931.41,86434.51,4372.15,3886.35,2914.77,41,11,3,47,33,6
2023-09,Lojas,Nordeste,M-0102,79,91394.56,2691.06,1279.52,87423.98,48708.98,2360.45,2098.18,1573.63,22,6,2,25,17,3
2023-09,Lojas,Sul,M-0103,62,72127.54,2123.76,1009.79,68993.99,35831.59,1862.84,1655.86,1241.89,17,4,1,20,14,3
2023-09,Lojas,Centro-Oeste,M-0104,58,67636.85,1991.53,946.92,64698.40,34797.23,1746.86,1552.76,1164.57,16,4,1,19,13,3
2023-09,B2B,Sudeste,M-0105,81,93948.17,2766.25,1315.27,89866.65,48157.95,2426.40,2156.80,1617.60,23,6,2,26,18,3
2023-09,B2B,Nordeste,M-0106,55,64101.69,1887.44,897.42,61316.83,33200.56,1655.55,1471.60,1103.70,15,4,1,18,12,2
2023-09,B2B,Sul,M-0107,41,47928.35,1411.22,671.00,45846.13,24546.34,1237.85,1100.31,825.23,11,3,1,13,9,2
2023-09,B2B,Centro-Oeste,M-0108,36,41299.18,1216.03,578.19,39504.96,20807.96,1066.63,948.12,711.09,10,3,1,12,8,2
2023-10,E-commerce,Sudeste,M-0109,154,179337.66,5380.13,2600.40,171357.13,92020.36,8396.50,4112.57,12851.78,80,12,3,49,34,7
2023-10,E-commerce,Nordeste,M-0110,103,119842.82,3595.28,1737.72,114509.82,59605.21,5610.98,2748.24,8588.24,54,8,2,33,23,4
2023-10,E-commerce,Sul,M-0111,84,97287.29,2918.62,1410.67,92958.00,49465.05,4554.94,2230.99,6971.85,44,6,2,27,19,4
2023-10,E-commerce,Centro-Oeste,M-0112,60,69868.67,2096.06,1013.10,66759.51,35970.14,3271.22,1602.23,5006.96,31,5,1,19,13,3
2023-10,Lojas,Sudeste,M-0113,133,154273.70,4628.21,2236.97,147408.52,82408.94,4127.44,3537.80,2653.35,37,10,3,43,29,6
2023-10,Lojas,Nordeste,M-0114,96,111606.67,3348.20,1618.30,106640.17,58794.69,2985.92,2559.36,1919.52,27,7,2,31,21,4
2023-10,Lojas,Sul,M-0115,65,75619.45,2268.58,1096.48,72254.39,39704.55,2023.12,1734.11,1300.58,18,5,1,21,14,3
2023-10,Lojas,Centro-Oeste,M-0116,60,70085.44,2102.56,1016.24,66966.64,36657.55,1875.07,1607.20,1205.40,17,5,1,19,13,3
2023-10,B2B,Sudeste,M-0117,82,95334.83,2860.04,1382.36,91092.43,51282.65,2550.59,2186.22,1639.66,23,6,2,26,18,4
2023-10,B2B,Nordeste,M-0118,50,58558.20,1756.75,849.09,55952.36,30300.18,1566.67,1342.86,1007.14,14,4,1,16,11,2
2023-10,B2B,Sul,M-0119,42,48367.13,1451.01,701.32,46214.80,25592.09,1294.01,1109.16,831.87,12,3,1,13,9,2
2023-10,B2B,Centro-Oeste,M-0120,37,42612.84,1278.39,617.89,40716.56,21387.61,1140.06,977.20,732.90,10,3,1,12,8,2
2023-11,E-commerce,Sudeste,M-0121,210,243850.56,7450.99,3657.76,232741.81,121695.34,11637.09,5585.80,17455.64,109,17,5,67,46,9
2023-11,E-commerce,Nordeste,M-0122,148,172104.04,5258.73,2581.56,164263.75,91179.71,8213.19,3942.33,12319.78,77,12,3,47,32,7
2023-11,E-commerce,Sul,M-0123,100,116084.55,3547.03,1741.27,110796.25,59567.59,5539.81,2659.11,8309.72,52,8,2,32,22,4
2023-11,E-commerce,Centro-Oeste,M-0124,79,92176.35,2816.50,1382.65,87977.20,49330.99,4398.86,2111.45,6598.29,41,6,2,25,17,4
2023-11,Lojas,Sudeste,M-0125,170,197948.40,6048.42,2969.23,188930.75,105443.78,5478.99,4534.34,3400.75,48,14,4,54,37,8
2023-11,Lojas,Nordeste,M-0126,114,132557.96,4050.38,1988.37,126519.21,68446.14,3669.06,3036.46,2277.35,32,9,3,36,24,5
2023-11,Lojas,Sul,M-0127,97,112194.30,3428.16,1682.91,107083.23,56465.40,3105.41,2570.00,1927.50,27,8,2,31,21,4
2023-11,Lojas,Centro-Oeste,M-0128,78,90839.02,2775.64,1362.59,86700.79,49133.77,2514.32,2080.82,1560.61,22,6,2,25,17,4
2023-11,B2B,Sudeste,M-0129,120,140025.90,4278.57,2100.39,133646.94,72649.32,3875.76,3207.53,2405.64,34,10,3,38,26,5
2023-11,B2B,Nordeste,M-0130,74,85970.70,2626.88,1289.56,82054.26,44609.46,2379.57,1969.30,1476.98,21,6,2,24,16,3
2023-11,B2B,Sul,M-0131,64,73892.62,2257.83,1108.39,70526.40,38044.74,2045.27,1692.63,1269.48,18,5,1,20,14,3
2023-11,B2B,Centro-Oeste,M-0132,52,60422.16,1846.23,906.33,57669.60,32343.58,1672.42,1384.07,1038.05,15,4,1,17,12,2
2023-12,E-commerce,Sudeste,M-0133,195,226744.87,7054.28,3514.55,216176.04,117576.08,11024.98,5188.22,16213.20,101,16,5,62,42,9
2023-12,E-commerce,Nordeste,M-0134,144,167304.07,5205.02,2593.21,159505.84,89792.91,8134.80,3828.14,11962.94,75,12,3,46,31,7
2023-12,E-commerce,Sul,M-0135,116,135114.18,4203.55,2094.27,128816.36,72129.58,6569.63,3091.59,9661.23,60,10,3,37,25,5
2023-12,E-commerce,Centro-Oeste,M-0136,87,101056.09,3143.97,1566.37,96345.75,54302.54,4913.63,2312.30,7225.93,45,7,2,28,19,4
2023-12,Lojas,Sudeste,M-0137,197,228427.46,7106.63,3540.63,217780.20,120881.87,6533.41,5226.72,3920.04,55,17,5,63,42,9
2023-12,Lojas,Nordeste,M-0138,116,134495.18,4184.29,2084.68,128226.21,67459.57,3846.79,3077.43,2308.07,32,10,3,37,25,5
2023-12,Lojas,Sul,M-0139,103,120233.32,3740.59,1863.62,114629.11,65188.25,3438.87,2751.10,2063.32,29,9,2,33,22,5
2023-12,Lojas,Centro-Oeste,M-0140,71,82123.71,2554.96,1272.92,78295.83,43577.30,2348.87,1879.10,1409.32,20,6,2,23,16,3
2023-12,B2B,Sudeste,M-0141,121,140153.59,4360.33,2172.38,133620.88,76617.54,4008.63,3206.90,2405.18,34,10,3,39,26,6
2023-12,B2B,Nordeste,M-0142,72,83597.54,2600.81,1295.76,79700.97,44941.72,2391.03,1912.82,1434.62,20,6,2,23,16,3
2023-12,B2B,Sul,M-0143,63,73541.19,2287.95,1139.89,70113.35,37330.67,2103.40,1682.72,1262.04,18,5,1,20,13,3
2023-12,B2B,Centro-Oeste,M-0144,42,49116.75,1528.08,761.31,46827.36,26550.00,1404.82,1123.86,842.89,12,4,1,13,9,2
2024-01,E-commerce,Sudeste,M-0145,172,200127.01,6337.36,3202.03,190587.62,106732.23,9910.56,4574.10,14294.07,89,15,4,55,37,8
2024-01,E-commerce,Nordeste,M-0146,110,127770.58,4046.07,2044.33,121680.18,70081.16,6327.37,2920.32,9126.01,57,10,3,35,23,5
2024-01,E-commerce,Sul,M-0147,97,112709.86,3569.15,1803.36,107337.35,58755.07,5581.54,2576.10,8050.30,50,9,2,31,21,5
2024-01,E-commerce,Centro-Oeste,M-0148,63,73774.42,2336.19,1180.39,70257.84,37277.00,3653.41,1686.19,5269.34,33,6,2,20,13,3
2024-01,Lojas,Sudeste,M-0149,139,161092.64,5101.27,2577.48,153413.89,85120.18,4755.83,3681.93,2761.45,39,12,3,44,29,7
2024-01,Lojas,Nordeste,M-0150,102,118132.87,3740.87,1890.13,112501.87,63852.84,3487.56,2700.04,2025.03,29,9,2,33,22,5
2024-01,Lojas,Sul,M-0151,77,89358.84,2829.70,1429.74,85099.40,45655.63,2638.08,2042.39,1531.79,22,7,2,25,17,4
2024-01,Lojas,Centro-Oeste,M-0152,63,72684.54,2301.68,1162.95,69219.91,36620.03,2145.82,1661.28,1245.96,18,6,2,20,13,3
2024-01,B2B,Sudeste,M-0153,85,99132.03,3139.18,1586.11,94406.74,51399.66,2926.61,2265.76,1699.32,24,7,2,27,18,4
2024-01,B2B,Nordeste,M-0154,53,62128.88,1967.41,994.06,59167.41,31994.24,1834.19,1420.02,1065.01,15,5,1,17,11,3
2024-01,B2B,Sul,M-0155,51,59013.55,1868.76,944.22,56200.57,30030.13,1742.22,1348.81,1011.61,14,4,1,16,11,2
2024-01,B2B,Centro-Oeste,M-0156,34,39836.10,1261.48,637.38,37937.24,21660.04,1176.05,910.49,682.87,10,3,1,11,7,2
2024-02,E-commerce,Sudeste,M-0157,149,173139.46,5578.94,2856.80,164703.72,92063.82,8729.30,3952.89,12352.78,77,14,4,48,32,7
2024-02,E-commerce,Nordeste,M-0158,108,125523.17,4044.64,2071.13,119407.40,68781.92,6328.59,2865.78,8955.56,56,10,3,35,23,5
2024-02,E-commerce,Sul,M-0159,86,99910.98,3219.35,1648.53,95043.10,54292.03,5037.28,2281.03,7128.23,45,8,2,28,19,4
2024-02,E-commerce,Centro-Oeste,M-0160,67,77828.17,2507.80,1284.16,74036.21,42260.50,3923.92,1776.87,5552.72,35,6,2,21,14,3
2024-02,Lojas,Sudeste,M-0161,124,144657.42,4661.18,2386.85,137609.39,74691.79,4403.50,3302.63,2476.97,35,11,3,40,26,6
2024-02,Lojas,Nordeste,M-0162,87,101338.44,3265.35,1672.08,96401.01,53419.69,3084.83,2313.62,1735.22,24,8,2,28,19,4
2024-02,Lojas,Sul,M-0163,72,83135.94,2678.82,1371.74,79085.38,42614.81,2530.73,1898.05,1423.54,20,7,2,23,15,3
2024-02,Lojas,Centro-Oeste,M-0164,57,66071.14,2128.96,1090.17,62852.01,33714.88,2011.26,1508.45,1131.34,16,5,1,18,12,3
2024-02,B2B,Sudeste,M-0165,86,99394.83,3202.72,1640.01,94552.10,50278.54,3025.67,2269.25,1701.94,24,8,2,28,19,4
2024-02,B2B,Nordeste,M-0166,55,63764.51,2054.63,1052.11,60657.77,33353.90,1941.05,1455.79,1091.84,15,5,1,18,12,3
2024-02,B2B,Sul,M-0167,42,48793.64,1572.24,805.10,46416.30,25054.52,1485.32,1113.99,835.49,12,4,1,13,9,2
2024-02,B2B,Centro-Oeste,M-0168,34,39232.87,1264.17,647.34,37321.36,21244.83,1194.28,895.71,671.78,10,3,1,11,7,2
2024-03,E-commerce,Sudeste,M-0169,174,202366.84,6633.14,3440.24,192293.46,103346.60,10383.85,4615.04,14422.01,90,17,4,56,37,9
2024-03,E-commerce,Nordeste,M-0170,115,133375.06,4371.74,2267.38,126735.94,72675.26,6843.74,3041.66,9505.20,60,11,3,37,24,6
2024-03,E-commerce,Sul,M-0171,94,109250.84,3581.00,1857.26,103812.58,59389.04,5605.88,2491.50,7785.94,49,9,2,30,20,5
2024-03,E-commerce,Centro-Oeste,M-0172,73,84387.65,2766.04,1434.59,80187.02,43894.18,4330.10,1924.49,6014.03,38,7,2,23,15,4
2024-03,Lojas,Sudeste,M-0173,139,161776.40,5302.67,2750.20,153723.53,88346.65,5072.88,3689.36,2767.02,39,13,3,44,29,7
2024-03,Lojas,Nordeste,M-0174,92,107089.33,3510.15,1820.52,101758.66,57826.97,3358.04,2442.21,1831.66,26,9,2,29,19,5
2024-03,Lojas,Sul,M-0175,83,96812.32,3173.29,1645.81,91993.22,49972.94,3035.78,2207.84,1655.88,23,8,2,27,18,4
2024-03,Lojas,Centro-Oeste,M-0176,56,64602.43,2117.52,1098.24,61386.67,33350.21,2025.76,1473.28,1104.96,16,5,1,18,12,3
2024-03,B2B,Sudeste,M-0177,79,91917.77,3012.86,1562.60,87342.31,48797.58,2882.30,2096.22,1572.16,22,8,2,25,16,4
2024-03,B2B,Nordeste,M-0178,66,76127.57,2495.29,1294.17,72338.11,41033.27,2387.16,1736.11,1302.09,18,6,2,21,14,3
2024-03,B2B,Sul,M-0179,46,53292.40,1746.81,905.97,50639.62,28987.63,1671.11,1215.35,911.51,13,4,1,15,10,2
2024-03,B2B,Centro-Oeste,M-0180,34,39690.76,1300.97,674.74,37715.05,20206.37,1244.60,905.16,678.87,10,3,1,11,7,2
2024-04,E-commerce,Sudeste,M-0181,166,193425.80,6447.53,3384.95,183593.32,105256.37,10097.63,4406.24,13769.50,86,17,4,53,34,8
2024-04,E-commerce,Nordeste,M-0182,101,117739.52,3924.65,2060.44,111754.43,64484.90,6146.49,2682.11,8381.58,53,10,3,32,21,5
2024-04,E-commerce,Sul,M-0183,96,111572.57,3719.09,1952.52,105900.96,61194.31,5824.55,2541.62,7942.57,50,10,2,31,20,5
2024-04,E-commerce,Centro-Oeste,M-0184,82,95178.01,3172.60,1665.62,90339.79,50994.60,4968.69,2168.15,6775.48,43,8,2,26,17,4
2024-04,Lojas,Sudeste,M-0185,158,184180.35,6139.34,3223.16,174817.85,95336.64,5943.81,4195.63,3146.72,44,16,4,51,33,8
2024-04,Lojas,Nordeste,M-0186,98,113947.16,3798.24,1994.08,108154.84,61376.74,3677.26,2595.72,1946.79,27,10,2,31,20,5
2024-04,Lojas,Sul,M-0187,80,92921.30,3097.38,1626.12,88197.80,48810.65,2998.73,2116.75,1587.56,22,8,2,26,17,4
2024-04,Lojas,Centro-Oeste,M-0188,57,65992.50,2199.75,1154.87,62637.88,35187.95,2129.69,1503.31,1127.48,16,6,1,18,12,3
2024-04,B2B,Sudeste,M-0189,89,103863.20,3462.11,1817.61,98583.48,56068.67,3351.84,2366.00,1774.50,25,9,2,28,18,4
2024-04,B2B,Nordeste,M-0190,59,68172.65,2272.42,1193.02,64707.21,37561.88,2200.05,1552.97,1164.73,17,6,2,19,12,3
2024-04,B2B,Sul,M-0191,43,49843.36,1661.45,872.26,47309.65,26280.60,1608.53,1135.43,851.57,12,4,1,14,9,2
2024-04,B2B,Centro-Oeste,M-0192,42,48357.39,1611.91,846.25,45899.23,24890.10,1560.57,1101.58,826.19,12,4,1,13,8,2
2024-05,E-commerce,Sudeste,M-0193,166,192515.08,6524.12,3465.27,182525.69,101450.45,10221.44,4380.62,13689.43,86,17,4,53,34,9
2024-05,E-commerce,Nordeste,M-0194,127,147963.33,5014.31,2663.34,140285.68,82145.79,7856.00,3366.86,10521.43,66,13,3,41,26,7
2024-05,E-commerce,Sul,M-0195,98,113394.22,3842.80,2041.10,107510.32,63187.22,6020.58,2580.25,8063.27,51,10,3,31,20,5
2024-05,E-commerce,Centro-Oeste,M-0196,71,82912.34,2809.81,1492.42,78610.11,44676.33,4402.17,1886.64,5895.76,37,7,2,23,15,4
2024-05,Lojas,Sudeste,M-0197,137,158771.98,5380.61,2857.90,150533.47,85656.49,5268.67,3612.80,2709.60,38,14,4,44,28,7
2024-05,Lojas,Nordeste,M-0198,105,121790.79,4127.35,2192.23,115471.21,62898.92,4041.49,2771.31,2078.48,29,11,3,34,22,6
2024-05,Lojas,Sul,M-0199,73,84627.23,2867.92,1523.29,80236.02,44992.55,2808.26,1925.66,1444.25,20,8,2,23,15,4
2024-05,Lojas,Centro-Oeste,M-0200,59,68970.42,2337.33,1241.47,65391.62,35596.31,2288.71,1569.40,1177.05,17,6,2,19,12,3
2024-05,B2B,Sudeste,M-0201,87,100682.43,3412.02,1812.28,95458.13,52912.36,3341.03,2291.00,1718.25,24,9,2,28,18,5
2024-05,B2B,Nordeste,M-0202,67,77959.67,2641.97,1403.27,73914.43,40032.84,2587.01,1773.95,1330.46,19,7,2,21,14,3
2024-05,B2B,Sul,M-0203,53,61857.97,2096.30,1113.44,58648.23,32786.54,2052.69,1407.56,1055.67,15,6,1,17,11,3
2024-05,B2B,Centro-Oeste,M-0204,38,44372.88,1503.75,798.71,42070.42,24809.48,1472.46,1009.69,757.27,11,4,1,12,8,2
2024-06,E-commerce,Sudeste,M-0205,160,186239.17,6414.90,3445.42,176378.85,99431.16,10053.59,4233.09,13228.41,83,17,4,51,33,9
2024-06,E-commerce,Nordeste,M-0206,117,135786.74,4677.10,2512.05,128597.59,72067.93,7330.06,3086.34,9644.82,61,13,3,37,24,6
2024-06,E-commerce,Sul,M-0207,90,104248.22,3590.77,1928.59,98728.86,58639.44,5627.55,2369.49,7404.66,47,10,2,29,19,5
2024-06,E-commerce,Centro-Oeste,M-0208,78,90767.50,3126.44,1679.20,85961.86,49128.91,4899.83,2063.08,6447.14,41,8,2,25,16,4
2024-06,Lojas,Sudeste,M-0209,134,155544.26,5357.64,2877.57,147309.05,83936.88,5303.13,3535.42,2651.56,38,14,4,43,27,7
2024-06,Lojas,Nordeste,M-0210,110,128040.42,4410.28,2368.75,121261.39,67287.73,4365.41,2910.27,2182.71,31,12,3,35,22,6
2024-06,Lojas,Sul,M-0211,73,85266.22,2936.95,1577.43,80751.84,44223.06,2907.07,1938.04,1453.53,20,8,2,23,15,4
2024-06,Lojas,Centro-Oeste,M-0212,63,73468.73,2530.59,1359.17,69578.97,39396.11,2504.84,1669.90,1252.42,18,7,2,20,13,3
2024-06,B2B,Sudeste,M-0213,91,106233.43,3659.15,1965.32,100608.96,55023.96,3621.92,2414.62,1810.96,25,10,2,29,19,5
2024-06,B2B,Nordeste,M-0214,56,65114.45,2242.83,1204.62,61667.00,34293.70,2220.01,1480.01,1110.01,16,6,1,18,11,3
2024-06,B2B,Sul,M-0215,53,61587.76,2121.36,1139.37,58327.03,34299.48,2099.77,1399.85,1049.89,15,6,1,17,11,3
2024-06,B2B,Centro-Oeste,M-0216,44,51612.12,1777.75,954.82,48879.55,28759.00,1759.66,1173.11,879.83,12,5,1,14,9,2
2024-07,E-commerce,Sudeste,M-0217,181,210208.51,7357.30,3993.96,198857.25,114598.55,11533.72,4772.57,14914.29,94,20,5,58,37,10
2024-07,E-commerce,Nordeste,M-0218,119,137914.03,4826.99,2620.37,130466.67,74697.76,7567.07,3131.20,9785.00,62,13,3,38,24,7
2024-07,E-commerce,Sul,M-0219,104,120695.43,4224.34,2293.21,114177.88,67047.16,6622.32,2740.27,8563.34,54,12,3,33,21,6
2024-07,E-commerce,Centro-Oeste,M-0220,75,87029.34,3046.03,1653.56,82329.75,49101.44,4775.13,1975.91,6174.73,39,8,2,24,15,4
2024-07,Lojas,Sudeste,M-0221,134,155739.60,5450.89,2959.05,147329.66,88046.45,5451.20,3535.91,2651.93,38,15,4,43,27,7
2024-07,Lojas,Nordeste,M-0222,107,124603.06,4361.11,2367.46,117874.49,70221.17,4361.36,2828.99,2121.74,30,12,3,34,21,6
2024-07,Lojas,Sul,M-0223,81,94621.42,3311.75,1797.81,89511.86,50666.44,3311.94,2148.28,1611.21,23,9,2,26,16,4
2024-07,Lojas,Centro-Oeste,M-0224,68,79031.23,2766.09,1501.59,74763.55,42931.12,2766.25,1794.33,1345.74,19,8,2,22,14,4
2024-07,B2B,Sudeste,M-0225,92,106590.87,3730.68,2025.23,100834.96,58499.21,3730.89,2420.04,1815.03,26,10,2,29,18,5
2024-07,B2B,Nordeste,M-0226,56,65217.65,2282.62,1239.14,61695.89,36869.58,2282.75,1480.70,1110.53,16,6,2,18,11,3
2024-07,B2B,Sul,M-0227,47,54105.00,1893.68,1028.00,51183.32,29909.41,1893.78,1228.40,921.30,13,5,1,15,9,3
2024-07,B2B,Centro-Oeste,M-0228,40,45926.56,1607.43,872.60,43446.53,25458.56,1607.52,1042.72,782.04,11,4,1,13,8,2
2024-08,E-commerce,Sudeste,M-0229,185,214724.43,7634.65,4187.13,202902.65,117305.88,11971.26,4869.66,15217.70,96,21,5,59,37,10
2024-08,E-commerce,Nordeste,M-0230,109,126785.88,4507.94,2472.32,119805.62,68045.17,7068.53,2875.33,8985.42,57,13,3,35,22,6
2024-08,E-commerce,Sul,M-0231,91,106226.73,3776.95,2071.42,100378.36,58750.55,5922.32,2409.08,7528.38,47,11,3,29,18,5
2024-08,E-commerce,Centro-Oeste,M-0232,83,96592.81,3434.41,1883.56,91274.84,53432.65,5385.22,2190.60,6845.61,43,10,2,27,17,5
2024-08,Lojas,Sudeste,M-0233,171,199100.62,7079.13,3882.46,188139.03,106767.24,7149.28,4515.34,3386.50,48,20,5,55,34,10
2024-08,Lojas,Nordeste,M-0234,101,117533.42,4178.97,2291.90,111062.55,63950.36,4220.38,2665.50,1999.13,28,12,3,32,20,6
2024-08,Lojas,Sul,M-0235,79,92081.46,3274.01,1795.59,87011.86,50478.34,3306.45,2088.28,1566.21,22,9,2,25,16,4
2024-08,Lojas,Centro-Oeste,M-0236,72,83528.05,2969.89,1628.80,78929.36,45148.40,2999.32,1894.30,1420.73,20,8,2,23,14,4
2024-08,B2B,Sudeste,M-0237,99,115426.22,4104.04,2250.81,109071.37,61749.55,4144.71,2617.71,1963.28,28,11,3,32,20,6
2024-08,B2B,Nordeste,M-0238,57,66548.47,2366.17,1297.70,62884.60,36411.75,2389.61,1509.23,1131.92,16,7,2,18,11,3
2024-08,B2B,Sul,M-0239,45,52800.60,1877.35,1029.61,49893.64,28351.41,1895.96,1197.45,898.09,13,5,1,14,9,2
2024-08,B2B,Centro-Oeste,M-0240,41,48216.28,1714.36,940.22,45561.70,26962.30,1731.34,1093.48,820.11,11,5,1,13,8,2
2024-09,E-commerce,Sudeste,M-0241,170,198090.03,7153.25,3961.80,186974.98,111941.42,11218.50,4487.40,14023.12,88,20,5,54,33,10
2024-09,E-commerce,Nordeste,M-0242,114,132443.71,4782.69,2648.87,125012.15,72248.45,7500.73,3000.29,9375.91,59,14,3,36,22,6
2024-09,E-commerce,Sul,M-0243,94,109649.89,3959.58,2193.00,103497.31,59918.56,6209.84,2483.94,7762.30,49,11,3,30,19,5
2024-09,E-commerce,Centro-Oeste,M-0244,88,102365.39,3696.53,2047.31,96621.55,58373.81,5797.29,2318.92,7246.62,46,11,2,28,17,5
2024-09,Lojas,Sudeste,M-0245,166,193392.32,6983.61,3867.85,182540.86,101918.48,7119.09,4380.98,3285.74,46,20,5,53,33,10
2024-09,Lojas,Nordeste,M-0246,100,116240.69,4197.58,2324.81,109718.30,64729.76,4279.01,2633.24,1974.93,28,12,3,32,20,6
2024-09,Lojas,Sul,M-0247,77,90063.47,3252.29,1801.27,85009.91,48279.79,3315.39,2040.24,1530.18,22,9,2,25,16,4
2024-09,Lojas,Centro-Oeste,M-0248,68,79198.14,2859.93,1583.96,74754.25,42970.11,2915.42,1794.10,1345.58,19,8,2,22,14,4
2024-09,B2B,Sudeste,M-0249,101,117765.05,4252.63,2355.30,111157.12,61719.05,4335.13,2667.77,2000.83,28,12,3,32,20,6
2024-09,B2B,Nordeste,M-0250,69,80514.55,2907.47,1610.29,75996.79,44289.41,2963.87,1823.92,1367.94,19,8,2,22,14,4
2024-09,B2B,Sul,M-0251,56,65356.35,2360.09,1307.13,61689.13,36500.83,2405.88,1480.54,1110.40,16,7,2,18,11,3
2024-09,B2B,Centro-Oeste,M-0252,37,43252.23,1561.89,865.04,40825.30,23257.33,1592.19,979.81,734.86,10,4,1,12,7,2
2024-10,E-commerce,Sudeste,M-0253,189,219471.76,8047.30,4499.17,206925.29,120429.33,12622.44,4966.21,15519.40,98,23,5,60,37,11
2024-10,E-commerce,Nordeste,M-0254,126,146506.25,5371.90,3003.38,138130.97,79162.94,8425.99,3315.14,10359.82,66,16,4,40,25,7
2024-10,E-commerce,Sul,M-0255,100,115725.15,4243.26,2372.37,109109.52,65619.31,6655.68,2618.63,8183.21,52,12,3,32,20,6
2024-10,E-commerce,Centro-Oeste,M-0256,72,84012.39,3080.45,1722.25,79209.69,46397.46,4831.79,1901.03,5940.73,37,9,2,23,14,4
2024-10,Lojas,Sudeste,M-0257,169,196345.34,7199.33,4025.08,185120.93,106058.72,7404.84,4442.90,3332.18,47,21,5,54,33,10
2024-10,Lojas,Nordeste,M-0258,110,127953.25,4691.62,2623.04,120638.59,68631.52,4825.54,2895.33,2171.49,31,14,3,35,21,6
2024-10,Lojas,Sul,M-0259,89,103001.73,3776.73,2111.54,97113.46,56618.81,3884.54,2330.72,1748.04,25,11,3,28,17,5
2024-10,Lojas,Centro-Oeste,M-0260,67,77489.91,2841.30,1588.54,73060.07,41595.80,2922.40,1753.44,1315.08,19,8,2,21,13,4
2024-10,B2B,Sudeste,M-0261,93,107784.66,3952.10,2209.59,101622.97,59499.89,4064.92,2438.95,1829.21,26,12,3,30,18,6
2024-10,B2B,Nordeste,M-0262,64,74674.50,2738.07,1530.83,70405.60,40170.50,2816.22,1689.73,1267.30,18,8,2,20,12,4
2024-10,B2B,Sul,M-0263,48,56272.71,2063.33,1153.59,53055.79,31056.92,2122.23,1273.34,955.00,13,6,1,15,9,3
2024-10,B2B,Centro-Oeste,M-0264,45,51917.07,1903.63,1064.30,48949.14,27932.66,1957.97,1174.78,881.08,13,6,1,14,9,3
2024-11,E-commerce,Sudeste,M-0265,236,274670.07,10223.83,5768.07,258678.17,153986.95,16038.05,6208.28,19400.86,123,30,7,76,46,14
2024-11,E-commerce,Nordeste,M-0266,167,193828.54,7214.73,4070.40,182543.41,103082.04,11317.69,4381.04,13690.76,87,21,5,53,32,10
2024-11,E-commerce,Sul,M-0267,123,143260.59,5332.48,3008.47,134919.64,76880.92,8365.02,3238.07,10118.97,64,16,4,39,24,7
2024-11,E-commerce,Centro-Oeste,M-0268,95,109866.78,4089.49,2307.20,103470.09,59764.08,6415.15,2483.28,7760.26,49,12,3,30,18,6
2024-11,Lojas,Sudeste,M-0269,223,258993.01,9640.30,5438.85,243913.86,138210.43,10000.47,5853.93,4390.45,62,29,6,71,43,13
2024-11,Lojas,Nordeste,M-0270,133,154415.64,5747.69,3242.73,145425.22,83291.35,5962.43,3490.21,2617.65,37,17,4,43,26,8
2024-11,Lojas,Sul,M-0271,116,135290.07,5035.80,2841.09,127413.18,71907.22,5223.94,3057.92,2293.44,32,15,3,37,22,7
2024-11,Lojas,Centro-Oeste,M-0272,98,113934.10,4240.88,2392.62,107300.60,61480.32,4399.32,2575.21,1931.41,27,13,3,31,19,6
2024-11,B2B,Sudeste,M-0273,122,142346.16,5298.44,2989.27,134058.45,81138.61,5496.40,3217.40,2413.05,34,16,4,39,24,7
2024-11,B2B,Nordeste,M-0274,93,107642.94,4006.71,2260.50,101375.73,58609.20,4156.40,2433.02,1824.76,26,12,3,30,18,6
2024-11,B2B,Sul,M-0275,64,74703.67,2780.64,1568.78,70354.25,40402.89,2884.52,1688.50,1266.38,18,8,2,20,12,4
2024-11,B2B,Centro-Oeste,M-0276,59,68676.71,2556.30,1442.21,64678.20,37156.66,2651.81,1552.28,1164.21,17,8,2,19,12,4
2024-12,E-commerce,Sudeste,M-0277,243,281835.84,10647.13,6059.47,265129.24,150816.39,16703.14,6363.10,19884.69,126,32,7,78,47,15
2024-12,E-commerce,Nordeste,M-0278,180,208824.50,7888.93,4489.73,196445.84,120632.85,12376.09,4714.70,14733.44,94,24,5,58,35,11
2024-12,E-commerce,Sul,M-0279,133,154468.79,5835.49,3321.08,145312.22,82951.63,9154.67,3487.49,10898.42,69,18,4,43,26,8
2024-12,E-commerce,Centro-Oeste,M-0280,96,112133.65,4236.16,2410.87,105486.62,64163.61,6645.66,2531.68,7911.50,50,13,3,31,19,6
2024-12,Lojas,Sudeste,M-0281,217,252688.46,9546.01,5432.80,237709.65,141342.70,9983.81,5705.03,4278.77,61,29,6,69,42,13
2024-12,Lojas,Nordeste,M-0282,136,157640.56,5955.31,3389.27,148295.98,89191.39,6228.43,3559.10,2669.33,38,18,4,44,26,8
2024-12,Lojas,Sul,M-0283,103,120260.58,4543.18,2585.60,113131.80,69537.89,4751.54,2715.16,2036.37,29,14,3,33,20,6
2024-12,Lojas,Centro-Oeste,M-0284,101,116839.47,4413.94,2512.05,109913.48,64724.47,4616.37,2637.92,1978.44,28,13,3,32,19,6
2024-12,B2B,Sudeste,M-0285,133,154690.85,5843.88,3325.85,145521.12,84974.97,6111.89,3492.51,2619.38,37,18,4,43,26,8
2024-12,B2B,Nordeste,M-0286,95,110205.85,4163.33,2369.43,103673.09,59992.18,4354.27,2488.15,1866.12,27,13,3,30,18,6
2024-12,B2B,Sul,M-0287,64,74883.48,2828.93,1609.99,70444.56,42254.63,2958.67,1690.67,1268.00,18,8,2,20,12,4
2024-12,B2B,Centro-Oeste,M-0288,52,60023.04,2267.54,1290.50,56465.00,33593.09,2371.53,1355.16,1016.37,15,7,2,17,10,3
2025-01,E-commerce,Sudeste,M-0289,198,230041.91,8818.27,5060.92,216162.72,132300.45,13834.41,5187.91,16212.20,103,27,6,63,38,12
2025-01,E-commerce,Nordeste,M-0290,128,148726.57,5701.19,3271.98,139753.40,80265.99,8944.22,3354.08,10481.50,67,17,4,41,24,8
2025-01,E-commerce,Sul,M-0291,101,116912.89,4481.66,2572.08,109859.15,66106.06,7030.99,2636.62,8239.44,53,14,3,32,19,6
2025-01,E-commerce,Centro-Oeste,M-0292,75,87082.62,3338.17,1915.82,81828.63,47430.46,5237.03,1963.89,6137.15,39,10,2,24,14,5
2025-01,Lojas,Sudeste,M-0293,145,168778.48,6469.84,3713.13,158595.51,93087.31,6819.61,3806.29,2854.72,41,20,4,46,27,9
2025-01,Lojas,Nordeste,M-0294,107,123802.93,4745.78,2723.66,116333.49,67001.47,5002.34,2792.00,2094.00,30,15,3,34,20,7
2025-01,Lojas,Sul,M-0295,88,102629.47,3934.13,2257.85,96437.49,56617.20,4146.81,2314.50,1735.87,25,12,3,28,17,5
2025-01,Lojas,Centro-Oeste,M-0296,78,90397.31,3465.23,1988.74,84943.34,51009.50,3652.56,2038.64,1528.98,22,11,2,25,15,5
2025-01,B2B,Sudeste,M-0297,104,121103.29,4642.29,2664.27,113796.73,65186.78,4893.26,2731.12,2048.34,29,14,3,33,20,6
2025-01,B2B,Nordeste,M-0298,71,82307.92,3155.14,1810.77,77342.01,44122.04,3325.71,1856.21,1392.16,20,10,2,23,14,5
2025-01,B2B,Sul,M-0299,56,64997.42,2491.57,1429.94,61075.91,36891.49,2626.26,1465.82,1099.37,16,8,2,18,11,4
2025-01,B2B,Centro-Oeste,M-0300,44,50904.64,1951.34,1119.90,47833.40,29207.17,2056.84,1148.00,861.00,12,6,1,14,8,3
2025-02,E-commerce,Sudeste,M-0301,197,228469.23,8884.91,5140.56,214443.76,129284.63,13938.84,5146.65,16083.28,102,28,6,63,37,13
2025-02,E-commerce,Nordeste,M-0302,109,126931.76,4936.24,2855.96,119139.56,70288.14,7744.07,2859.35,8935.47,57,15,3,35,21,7
2025-02,E-commerce,Sul,M-0303,97,113167.65,4400.96,2546.27,106220.42,65638.51,6904.33,2549.29,7966.53,50,14,3,31,18,6
2025-02,E-commerce,Centro-Oeste,M-0304,83,96472.25,3751.70,2170.63,90549.92,56084.47,5885.74,2173.20,6791.24,43,12,3,27,16,5
2025-02,Lojas,Sudeste,M-0305,157,182048.23,7079.65,4096.09,170872.49,99103.03,7518.39,4100.94,3075.70,44,22,5,50,30,10
2025-02,Lojas,Nordeste,M-0306,112,130596.89,5078.77,2938.43,122579.69,73456.92,5393.51,2941.91,2206.43,31,16,3,36,21,7
2025-02,Lojas,Sul,M-0307,79,92358.54,3591.72,2078.07,86688.75,52655.21,3814.30,2080.53,1560.40,22,11,2,25,15,5
2025-02,Lojas,Centro-Oeste,M-0308,65,75377.61,2931.35,1696.00,70750.26,41974.85,3113.01,1698.01,1273.50,18,9,2,21,12,4
2025-02,B2B,Sudeste,M-0309,92,106749.82,4151.38,2401.87,100196.57,61568.06,4408.65,2404.72,1803.54,26,13,3,29,17,6
2025-02,B2B,Nordeste,M-0310,64,73802.84,2870.11,1660.56,69272.17,39927.91,3047.98,1662.53,1246.90,18,9,2,20,12,4
2025-02,B2B,Sul,M-0311,52,60391.90,2348.57,1358.82,56684.51,32763.23,2494.12,1360.43,1020.32,15,7,2,17,10,3
2025-02,B2B,Centro-Oeste,M-0312,42,48583.85,1889.37,1093.14,45601.34,26749.34,2006.46,1094.43,820.82,12,6,1,13,8,3
2025-03,E-commerce,Sudeste,M-0313,200,232381.44,9166.16,5344.77,217870.51,132439.97,14379.45,5228.89,16340.29,104,29,6,64,37,13
2025-03,E-commerce,Nordeste,M-0314,134,156238.01,6162.72,3593.47,146481.82,88411.27,9667.80,3515.56,10986.14,70,19,4,43,25,9
2025-03,E-commerce,Sul,M-0315,103,120117.96,4737.99,2762.71,112617.26,69314.04,7432.74,2702.81,8446.29,54,15,3,33,19,7
2025-03,E-commerce,Centro-Oeste,M-0316,89,102957.76,4061.11,2368.03,96528.62,55990.91,6370.89,2316.69,7239.65,46,13,3,28,16,6
2025-03,Lojas,Sudeste,M-0317,178,207041.81,8166.65,4761.96,194113.20,115244.44,8735.09,4658.72,3494.04,50,26,6,57,33,12
2025-03,Lojas,Nordeste,M-0318,100,115663.98,4562.30,2660.27,108441.41,65320.68,4879.86,2602.59,1951.95,28,14,3,32,19,7
2025-03,Lojas,Sul,M-0319,93,108344.72,4273.60,2491.93,101579.19,60379.81,4571.06,2437.90,1828.43,26,13,3,30,18,6
2025-03,Lojas,Centro-Oeste,M-0320,75,87280.14,3442.72,2007.44,81829.98,48579.50,3682.35,1963.92,1472.94,21,11,2,24,14,5
2025-03,B2B,Sudeste,M-0321,103,119652.82,4719.64,2752.01,112181.17,66121.88,5048.15,2692.35,2019.26,29,15,3,33,19,7
2025-03,B2B,Nordeste,M-0322,73,84474.56,3332.05,1942.91,79199.60,46716.86,3563.98,1900.79,1425.59,20,11,2,23,13,5
2025-03,B2B,Sul,M-0323,55,64332.10,2537.54,1479.64,60314.92,37456.65,2714.17,1447.56,1085.67,15,8,2,18,11,4
2025-03,B2B,Centro-Oeste,M-0324,48,56259.94,2219.14,1293.98,52746.82,32111.88,2373.61,1265.92,949.44,13,7,1,15,9,3
2025-04,E-commerce,Sudeste,M-0325,212,246526.22,9861.05,5793.37,230871.80,139280.29,15468.41,5540.92,17315.38,110,31,7,68,39,14
2025-04,E-commerce,Nordeste,M-0326,142,165503.05,6620.12,3889.32,154993.61,97153.71,10384.57,3719.85,11624.52,74,21,4,45,26,9
2025-04,E-commerce,Sul,M-0327,103,119983.46,4799.34,2819.61,112364.51,70366.17,7528.42,2696.75,8427.34,54,15,3,33,19,7
2025-04,E-commerce,Centro-Oeste,M-0328,93,108248.43,4329.94,2543.84,101374.65,59731.13,6792.10,2432.99,7603.10,48,14,3,30,17,6
2025-04,Lojas,Sudeste,M-0329,178,206774.85,8270.99,4859.21,193644.65,121456.92,8907.65,4647.47,3485.60,50,26,6,57,33,12
2025-04,Lojas,Nordeste,M-0330,118,136851.18,5474.05,3216.00,128161.13,78307.03,5895.41,3075.87,2306.90,33,17,4,38,22,8
2025-04,Lojas,Sul,M-0331,89,103415.86,4136.63,2430.27,96848.96,58402.49,4455.05,2324.38,1743.28,25,13,3,28,16,6
2025-04,Lojas,Centro-Oeste,M-0332,80,92682.22,3707.29,2178.03,86796.90,51392.11,3992.66,2083.13,1562.34,22,12,3,26,15,5
2025-04,B2B,Sudeste,M-0333,100,115750.86,4630.03,2720.15,108400.68,66219.16,4986.43,2601.62,1951.21,28,15,3,32,18,7
2025-04,B2B,Nordeste,M-0334,63,73495.98,2939.84,1727.16,68828.98,40499.88,3166.13,1651.90,1238.92,18,9,2,20,12,4
2025-04,B2B,Sul,M-0335,54,62751.87,2510.07,1474.67,58767.13,35335.72,2703.29,1410.41,1057.81,15,8,2,17,10,4
2025-04,B2B,Centro-Oeste,M-0336,41,47160.68,1886.43,1108.28,44165.97,27578.61,2031.63,1059.98,794.99,11,6,1,13,8,3
2025-05,E-commerce,Sudeste,M-0337,220,255158.88,10348.11,6123.81,238686.96,147787.37,16230.71,5728.49,17901.52,114,33,7,70,40,15
2025-05,E-commerce,Nordeste,M-0338,140,162418.48,6586.97,3898.04,151933.47,93259.85,10331.48,3646.40,11395.01,73,21,4,45,26,10
2025-05,E-commerce,Sul,M-0339,110,128268.53,5202.00,3078.44,119988.09,71477.08,8159.19,2879.71,8999.11,57,17,4,35,20,7
2025-05,E-commerce,Centro-Oeste,M-0340,93,107723.73,4368.80,2585.37,100769.56,63103.21,6852.33,2418.47,7557.72,48,14,3,30,17,6
2025-05,Lojas,Sudeste,M-0341,151,175995.97,7137.61,4223.90,164634.46,100885.48,7737.82,3951.23,2963.42,42,23,5,48,27,10
2025-05,Lojas,Nordeste,M-0342,110,127502.13,5170.92,3060.05,119271.16,73573.45,5605.74,2862.51,2146.88,31,17,4,35,20,7
2025-05,Lojas,Sul,M-0343,98,113497.91,4602.97,2723.95,106170.99,63657.06,4990.04,2548.10,1911.08,27,15,3,31,18,7
2025-05,Lojas,Centro-Oeste,M-0344,77,89625.58,3634.82,2151.01,83839.75,52489.79,3940.47,2012.15,1509.12,22,12,2,25,14,5
2025-05,B2B,Sudeste,M-0345,111,128999.27,5231.64,3095.98,120671.65,72107.84,5671.57,2896.12,2172.09,31,17,4,36,21,8
2025-05,B2B,Nordeste,M-0346,79,92237.90,3740.76,2213.71,86283.43,52816.90,4055.32,2070.80,1553.10,22,12,3,25,14,5
2025-05,B2B,Sul,M-0347,58,67017.99,2717.95,1608.43,62691.61,36650.96,2946.51,1504.60,1128.45,16,9,2,19,11,4
2025-05,B2B,Centro-Oeste,M-0348,41,47966.61,1945.31,1151.20,44870.10,26160.98,2108.89,1076.88,807.66,11,6,1,13,7,3
2025-06,E-commerce,Sudeste,M-0349,214,248805.86,10228.69,6095.74,232481.43,145395.44,16041.22,5579.55,17436.11,111,33,7,68,38,15
2025-06,E-commerce,Nordeste,M-0350,128,149175.51,6132.77,3654.80,139387.94,88535.60,9617.77,3345.31,10454.10,67,20,4,41,23,9
2025-06,E-commerce,Sul,M-0351,118,137094.13,5636.09,3358.81,128099.23,81365.68,8838.85,3074.38,9607.44,61,18,4,38,22,8
2025-06,E-commerce,Centro-Oeste,M-0352,98,113961.81,4685.10,2792.06,106484.65,63366.04,7347.44,2555.63,7986.35,51,15,3,31,18,7
2025-06,Lojas,Sudeste,M-0353,171,198152.73,8146.28,4854.74,185151.71,109159.89,8887.28,4443.64,3332.73,48,27,6,55,31,12
2025-06,Lojas,Nordeste,M-0354,113,131491.49,5405.76,3221.54,122864.19,73197.86,5897.48,2948.74,2211.56,32,18,4,36,20,8
2025-06,Lojas,Sul,M-0355,102,118410.23,4867.98,2901.05,110641.20,69999.64,5310.78,2655.39,1991.54,29,16,3,33,19,7
2025-06,Lojas,Centro-Oeste,M-0356,73,84520.46,3474.73,2070.75,78974.98,49316.13,3790.80,1895.40,1421.55,20,11,2,23,13,5
2025-06,B2B,Sudeste,M-0357,109,126903.81,5217.16,3109.14,118577.51,72747.68,5691.72,2845.86,2134.40,31,17,4,35,20,8
2025-06,B2B,Nordeste,M-0358,78,90586.81,3724.12,2219.38,84643.31,52639.29,4062.88,2031.44,1523.58,22,12,3,25,14,5
2025-06,B2B,Sul,M-0359,61,70500.28,2898.34,1727.26,65874.68,41389.53,3161.98,1580.99,1185.74,17,10,2,20,11,4
2025-06,B2B,Centro-Oeste,M-0360,52,60534.62,2488.65,1483.10,56562.87,35957.66,2715.02,1357.51,1018.13,15,8,2,17,10,4
2025-07,E-commerce,Sudeste,M-0361,187,216962.31,9040.10,5424.06,202498.15,129159.00,14174.87,4859.96,15187.36,97,30,6,60,34,13
2025-07,E-commerce,Nordeste,M-0362,148,172018.13,7167.42,4300.45,160550.26,97447.08,11238.52,3853.21,12041.27,77,24,5,47,26,10
2025-07,E-commerce,Sul,M-0363,108,124980.88,5207.54,3124.52,116648.82,68994.21,8165.42,2799.57,8748.66,56,17,4,35,20,8
2025-07,E-commerce,Centro-Oeste,M-0364,86,99834.94,4159.79,2495.87,93179.28,59328.77,6522.55,2236.30,6988.45,45,14,3,28,16,6
2025-07,Lojas,Sudeste,M-0365,182,211655.11,8818.96,5291.38,197544.77,126002.04,9679.69,4741.07,3555.81,51,29,6,58,32,13
2025-07,Lojas,Nordeste,M-0366,126,146525.13,6105.21,3663.13,136756.79,82593.72,6701.08,3282.16,2461.62,35,20,4,40,22,9
2025-07,Lojas,Sul,M-0367,90,104397.28,4349.89,2609.93,97437.46,61317.57,4774.44,2338.50,1753.87,25,14,3,29,16,6
2025-07,Lojas,Centro-Oeste,M-0368,79,92302.84,3845.95,2307.57,86149.32,53929.43,4221.32,2067.58,1550.69,22,13,3,25,14,6
2025-07,B2B,Sudeste,M-0369,117,135696.10,5654.00,3392.40,126649.70,78312.89,6205.84,3039.59,2279.69,33,19,4,37,21,8
2025-07,B2B,Nordeste,M-0370,68,79578.24,3315.76,1989.46,74273.02,45908.63,3639.38,1782.55,1336.91,19,11,2,22,12,5
2025-07,B2B,Sul,M-0371,57,66646.62,2776.94,1666.17,62203.51,38674.64,3047.97,1492.88,1119.66,16,9,2,18,10,4
2025-07,B2B,Centro-Oeste,M-0372,42,49344.46,2056.02,1233.61,46054.83,28305.38,2256.69,1105.32,828.99,12,7,1,13,7,3
2025-08,E-commerce,Sudeste,M-0373,234,272241.04,11494.62,6942.15,253804.27,152668.98,18020.10,6091.30,19035.32,122,38,8,75,42,17
2025-08,E-commerce,Nordeste,M-0374,153,178256.90,7526.40,4545.55,166184.95,105781.76,11799.13,3988.44,12463.87,80,25,5,49,27,11
2025-08,E-commerce,Sul,M-0375,116,135372.42,5715.72,3452.00,126204.70,77171.44,8960.53,3028.91,9465.35,60,19,4,37,20,8
2025-08,E-commerce,Centro-Oeste,M-0376,87,100589.83,4247.13,2565.04,93777.66,59109.10,6658.21,2250.66,7033.32,45,14,3,28,16,6
2025-08,Lojas,Sudeste,M-0377,195,226490.98,9562.95,5775.52,211152.51,133123.37,10557.63,5067.66,3800.75,55,32,7,62,34,14
2025-08,Lojas,Nordeste,M-0378,114,132299.27,5585.97,3373.63,123339.67,76410.96,6166.98,2960.15,2220.11,32,19,4,36,20,8
2025-08,Lojas,Sul,M-0379,86,99520.33,4201.97,2537.77,92780.59,59064.48,4639.03,2226.73,1670.05,24,14,3,28,16,6
2025-08,Lojas,Centro-Oeste,M-0380,73,84491.65,3567.43,2154.54,78769.68,50468.27,3938.48,1890.47,1417.85,20,12,2,23,13,5
2025-08,B2B,Sudeste,M-0381,100,116279.62,4909.58,2965.13,108404.91,64794.00,5420.25,2601.72,1951.29,28,16,3,32,18,7
2025-08,B2B,Nordeste,M-0382,70,81674.43,3448.48,2082.70,76143.25,48137.03,3807.16,1827.44,1370.58,20,11,2,22,12,5
2025-08,B2B,Sul,M-0383,59,68442.23,2889.78,1745.28,63807.17,38569.46,3190.36,1531.37,1148.53,17,10,2,19,11,4
2025-08,B2B,Centro-Oeste,M-0384,53,61295.98,2588.05,1563.05,57144.88,36736.74,2857.24,1371.48,1028.61,15,9,2,17,9,4
2025-09,E-commerce,Sudeste,M-0385,191,221445.09,9472.93,5757.57,206214.59,124013.83,14847.45,4949.15,15466.09,99,51,6,61,33,14
2025-09,E-commerce,Nordeste,M-0386,134,156236.27,6683.44,4062.14,145490.69,92897.71,10475.33,3491.78,10911.80,70,23,5,43,24,10
2025-09,E-commerce,Sul,M-0387,101,116898.76,5000.67,3039.37,108858.72,69964.55,7837.83,2612.61,8164.40,53,17,3,32,18,7
2025-09,E-commerce,Centro-Oeste,M-0388,102,118987.96,5090.04,3093.69,110804.23,69865.89,7977.90,2659.30,8310.32,53,17,3,33,18,8
2025-09,Lojas,Sudeste,M-0389,198,229943.24,9836.46,5978.52,214128.26,136761.20,10920.54,5139.08,3854.31,55,33,7,63,35,14
2025-09,Lojas,Nordeste,M-0390,119,138582.29,5928.24,3603.14,129050.91,81266.90,6581.60,3097.22,2322.92,33,20,4,38,21,9
2025-09,Lojas,Sul,M-0391,106,123628.50,5288.55,3214.34,115125.61,73291.50,5871.41,2763.01,2072.26,30,18,4,34,19,8
2025-09,Lojas,Centro-Oeste,M-0392,69,80336.74,3436.63,2088.76,74811.35,45078.77,3815.38,1795.47,1346.60,19,12,2,22,12,5
2025-09,B2B,Sudeste,M-0393,111,129047.07,5520.35,3355.22,120171.50,77675.41,6128.75,2884.12,2163.09,31,19,4,36,20,8
2025-09,B2B,Nordeste,M-0394,69,79746.36,3411.37,2073.41,74261.58,47885.96,3787.34,1782.28,1336.71,19,12,2,22,12,5
2025-09,B2B,Sul,M-0395,58,67290.10,2878.52,1749.54,62662.04,39380.73,3195.76,1503.89,1127.92,16,10,2,19,10,4
2025-09,B2B,Centro-Oeste,M-0396,54,62217.48,2661.53,1617.65,57938.30,36505.54,2954.85,1390.52,1042.89,15,9,2,17,9,4
2025-10,E-commerce,Sudeste,M-0397,219,254270.44,11018.39,6738.17,236513.88,153136.88,17265.51,5676.33,17738.54,114,60,8,70,38,16
2025-10,E-commerce,Nordeste,M-0398,137,159297.70,6902.90,4221.39,148173.41,93399.79,10816.66,3556.16,11113.01,71,24,5,44,24,10
2025-10,E-commerce,Sul,M-0399,108,124937.67,5413.97,3310.85,116212.85,73808.62,8483.54,2789.11,8715.96,56,19,4,35,19,8
2025-10,E-commerce,Centro-Oeste,M-0400,86,100486.89,4354.43,2662.90,93469.56,57298.47,6823.28,2243.27,7010.22,45,15,3,28,15,6
2025-10,Lojas,Sudeste,M-0401,203,236104.95,10231.21,6256.78,219616.96,141467.17,11420.08,5270.81,3953.11,57,35,7,65,35,15
2025-10,Lojas,Nordeste,M-0402,120,139473.71,6043.86,3696.05,129733.80,83961.75,6746.16,3113.61,2335.21,34,21,4,38,21,9
2025-10,Lojas,Sul,M-0403,95,110327.80,4780.87,2923.69,102623.24,61630.69,5336.41,2462.96,1847.22,27,16,3,30,16,7
2025-10,Lojas,Centro-Oeste,M-0404,86,99792.79,4324.35,2644.51,92823.93,59399.63,4826.84,2227.77,1670.83,24,15,3,28,15,6
2025-10,B2B,Sudeste,M-0405,115,133342.19,5778.16,3533.57,124030.46,74560.43,6449.58,2976.73,2232.55,32,20,4,37,20,9
2025-10,B2B,Nordeste,M-0406,81,93641.87,4057.81,2481.51,87102.55,55462.78,4529.33,2090.46,1567.85,23,14,3,26,14,6
2025-10,B2B,Sul,M-0407,54,62785.47,2720.70,1663.81,58400.96,37835.97,3036.85,1401.62,1051.22,15,9,2,17,9,4
2025-10,B2B,Centro-Oeste,M-0408,45,52061.39,2255.99,1379.63,48425.77,31059.98,2518.14,1162.22,871.66,13,8,2,14,8,3
2025-11,E-commerce,Sudeste,M-0409,268,311067.74,13652.42,8398.83,289016.49,183190.48,21387.22,6936.40,21676.24,139,74,9,86,46,20
2025-11,E-commerce,Nordeste,M-0410,208,241321.03,10591.31,6515.67,224214.05,137597.16,16591.84,5381.14,16816.05,108,37,7,67,36,16
2025-11,E-commerce,Sul,M-0411,156,181131.86,7949.68,4890.56,168291.62,106342.81,12453.58,4039.00,12621.87,81,27,5,50,27,12
2025-11,E-commerce,Centro-Oeste,M-0412,109,127147.50,5580.36,3432.98,118134.16,72113.55,8741.93,2835.22,8860.06,57,19,4,35,19,8
2025-11,Lojas,Sudeste,M-0413,235,273610.70,12008.47,7387.49,254214.74,158790.18,13473.38,6101.15,4575.87,66,41,8,75,40,18
2025-11,Lojas,Nordeste,M-0414,169,196308.96,8615.78,5300.34,182392.84,119186.78,9666.82,4377.43,3283.07,47,30,6,54,29,13
2025-11,Lojas,Sul,M-0415,118,137693.61,6043.22,3717.73,127932.66,80024.61,6780.43,3070.38,2302.79,33,21,4,38,20,9
2025-11,Lojas,Centro-Oeste,M-0416,113,131655.54,5778.22,3554.70,122322.62,77216.61,6483.10,2935.74,2201.81,32,20,4,36,19,8
2025-11,B2B,Sudeste,M-0417,161,186741.85,8195.89,5042.03,173503.93,107367.16,9195.71,4164.09,3123.07,45,28,6,52,28,12
2025-11,B2B,Nordeste,M-0418,104,121246.40,5321.37,3273.65,112651.38,69003.18,5970.52,2703.63,2027.72,29,18,4,33,18,8
2025-11,B2B,Sul,M-0419,79,91240.93,4004.46,2463.51,84772.96,52098.41,4492.97,2034.55,1525.91,22,14,3,25,13,6
2025-11,B2B,Centro-Oeste,M-0420,65,75074.37,3294.93,2027.01,69752.43,42270.98,3696.88,1674.06,1255.54,18,11,2,21,11,5
2025-12,E-commerce,Sudeste,M-0421,267,309974.92,13776.66,8524.31,287673.95,181177.37,21575.55,6904.17,21575.55,139,75,9,85,45,20
2025-12,E-commerce,Nordeste,M-0422,199,231524.66,10289.98,6366.93,214867.75,130855.47,16115.08,5156.83,16115.08,103,36,7,64,34,15
2025-12,E-commerce,Sul,M-0423,161,187273.15,8323.25,5150.01,173799.89,105966.32,13034.99,4171.20,13034.99,84,29,6,52,28,12
2025-12,E-commerce,Centro-Oeste,M-0424,112,130043.37,5779.71,3576.19,120687.47,77666.85,9051.56,2896.50,9051.56,58,20,4,36,19,9
2025-12,Lojas,Sudeste,M-0425,238,276254.95,12278.00,7597.01,256379.94,159272.40,13844.52,6153.12,4614.84,67,43,8,76,40,18
2025-12,Lojas,Nordeste,M-0426,159,185230.63,8232.47,5093.84,171904.32,112889.93,9282.83,4125.70,3094.28,45,29,6,51,27,12
2025-12,Lojas,Sul,M-0427,139,161570.90,7180.93,4443.20,149946.77,93250.92,8097.13,3598.72,2699.04,39,25,5,44,23,11
2025-12,Lojas,Centro-Oeste,M-0428,111,129201.73,5742.30,3553.05,119906.38,73170.22,6474.94,2877.75,2158.31,31,20,4,36,19,9
2025-12,B2B,Sudeste,M-0429,137,158689.25,7052.86,4363.95,147272.44,94674.45,7952.71,3534.54,2650.90,38,25,5,44,23,11
2025-12,B2B,Nordeste,M-0430,99,114742.31,5099.66,3155.41,106487.24,68741.63,5750.31,2555.69,1916.77,28,18,4,32,17,8
2025-12,B2B,Sul,M-0431,72,83649.27,3717.75,2300.35,77631.17,47258.66,4192.08,1863.15,1397.36,20,13,3,23,12,6
2025-12,B2B,Centro-Oeste,M-0432,69,81539.01,3623.96,2242.32,75672.73,47601.90,4086.33,1816.15,1362.11,19,12,2,22,12,5
