id,mes,headcount_medio,admissoes,desligamentos,horas_previstas,horas_ausencia,horas_extras,folha_total
P-001,2023-01,110,4,2,19360,426,348,462000.00
P-002,2023-02,111,3,2,19536,445,373,467865.00
P-003,2023-03,112,3,2,19712,465,398,473760.00
P-004,2023-04,112,3,2,19712,481,420,475440.00
P-005,2023-05,113,4,2,19888,501,445,481380.00
P-006,2023-06,114,3,2,20064,522,472,487350.00
P-007,2023-07,115,3,2,20240,542,498,493350.00
P-008,2023-08,116,3,2,20416,563,525,499380.00
P-009,2023-09,116,4,2,20416,580,547,501120.00
P-010,2023-10,117,3,2,20592,601,575,507195.00
P-011,2023-11,118,3,2,20768,623,602,513300.00
P-012,2023-12,119,3,2,20944,645,630,519435.00
P-013,2024-01,120,4,2,21120,667,659,525600.00
P-014,2024-02,120,3,2,21120,684,682,527400.00
P-015,2024-03,121,3,2,21296,707,711,533610.00
P-016,2024-04,122,3,2,21472,730,741,539850.00
P-017,2024-05,123,4,2,21648,753,771,546120.00
P-018,2024-06,124,3,2,21824,777,801,552420.00
P-019,2024-07,124,3,2,21824,794,825,554280.00
P-020,2024-08,125,3,2,22000,818,856,560625.00
P-021,2024-09,126,4,2,22176,843,887,567000.00
P-022,2024-10,127,3,2,22352,867,919,573405.00
P-023,2024-11,128,3,2,22528,892,951,579840.00
P-024,2024-12,128,3,2,22528,910,975,581760.00
P-025,2025-01,129,4,4,22704,935,1008,588240.00
P-026,2025-02,130,3,4,22880,961,1041,594750.00
P-027,2025-03,131,3,4,23056,987,1074,601290.00
P-028,2025-04,132,3,4,23232,1013,1108,607860.00
P-029,2025-05,132,4,4,23232,1032,1134,609840.00
P-030,2025-06,133,3,4,23408,1058,1168,616455.00
P-031,2025-07,134,3,4,23584,1085,1203,623100.00
P-032,2025-08,135,3,4,23760,1112,1238,629775.00
P-033,2025-09,136,4,4,23936,1139,1273,636480.00
P-034,2025-10,136,3,4,23936,1159,1300,638520.00
P-035,2025-11,137,3,4,24112,1186,1336,645270.00
P-036,2025-12,138,3,4,24288,1214,1372,652050.00
